system,code,display,definition
http://terminology.hl7.org/CodeSystem/v3-Race,1002-5,American Indian or Alaska Native,American Indian or Alaska Native
http://terminology.hl7.org/CodeSystem/v3-Race,1004-1,American Indian,American Indian
http://terminology.hl7.org/CodeSystem/v3-Race,1006-6,Abenaki,Abenaki
http://terminology.hl7.org/CodeSystem/v3-Race,1008-2,Algonquian,Algonquian
http://terminology.hl7.org/CodeSystem/v3-Race,1010-8,Apache,Apache
http://terminology.hl7.org/CodeSystem/v3-Race,1011-6,Chiricahua,Chiricahua
http://terminology.hl7.org/CodeSystem/v3-Race,1012-4,Fort Sill Apache,Fort Sill Apache
http://terminology.hl7.org/CodeSystem/v3-Race,1013-2,Jicarilla Apache,Jicarilla Apache
http://terminology.hl7.org/CodeSystem/v3-Race,1014-0,Lipan Apache,Lipan Apache
http://terminology.hl7.org/CodeSystem/v3-Race,1015-7,Mescalero Apache,Mescalero Apache
http://terminology.hl7.org/CodeSystem/v3-Race,1016-5,Oklahoma Apache,Oklahoma Apache
http://terminology.hl7.org/CodeSystem/v3-Race,1017-3,Payson Apache,Payson Apache
http://terminology.hl7.org/CodeSystem/v3-Race,1018-1,San Carlos Apache,San Carlos Apache
http://terminology.hl7.org/CodeSystem/v3-Race,1019-9,White Mountain Apache,White Mountain Apache
http://terminology.hl7.org/CodeSystem/v3-Race,1021-5,Arapaho,Arapaho
http://terminology.hl7.org/CodeSystem/v3-Race,1022-3,Northern Arapaho,Northern Arapaho
http://terminology.hl7.org/CodeSystem/v3-Race,1023-1,Southern Arapaho,Southern Arapaho
http://terminology.hl7.org/CodeSystem/v3-Race,1024-9,Wind River Arapaho,Wind River Arapaho
http://terminology.hl7.org/CodeSystem/v3-Race,1026-4,Arikara,Arikara
http://terminology.hl7.org/CodeSystem/v3-Race,1028-0,Assiniboine,Assiniboine
http://terminology.hl7.org/CodeSystem/v3-Race,1030-6,Assiniboine Sioux,Assiniboine Sioux
http://terminology.hl7.org/CodeSystem/v3-Race,1031-4,Fort Peck Assiniboine Sioux,Fort Peck Assiniboine Sioux
http://terminology.hl7.org/CodeSystem/v3-Race,1033-0,Bannock,Bannock
http://terminology.hl7.org/CodeSystem/v3-Race,1035-5,Blackfeet,Blackfeet
http://terminology.hl7.org/CodeSystem/v3-Race,1037-1,Brotherton,Brotherton
http://terminology.hl7.org/CodeSystem/v3-Race,1039-7,Burt Lake Band,Burt Lake Band
http://terminology.hl7.org/CodeSystem/v3-Race,1041-3,Caddo,Caddo
http://terminology.hl7.org/CodeSystem/v3-Race,1042-1,Oklahoma Cado,Oklahoma Cado
http://terminology.hl7.org/CodeSystem/v3-Race,1044-7,Cahuilla,Cahuilla
http://terminology.hl7.org/CodeSystem/v3-Race,1045-4,Agua Caliente Cahuilla,Agua Caliente Cahuilla
http://terminology.hl7.org/CodeSystem/v3-Race,1046-2,Augustine,Augustine
http://terminology.hl7.org/CodeSystem/v3-Race,1047-0,Cabazon,Cabazon
http://terminology.hl7.org/CodeSystem/v3-Race,1048-8,Los Coyotes,Los Coyotes
http://terminology.hl7.org/CodeSystem/v3-Race,1049-6,Morongo,Morongo
http://terminology.hl7.org/CodeSystem/v3-Race,1050-4,Santa Rosa Cahuilla,Santa Rosa Cahuilla
http://terminology.hl7.org/CodeSystem/v3-Race,1051-2,Torres-Martinez,Torres-Martinez
http://terminology.hl7.org/CodeSystem/v3-Race,1053-8,California Tribes,California Tribes
http://terminology.hl7.org/CodeSystem/v3-Race,1054-6,Cahto,Cahto
http://terminology.hl7.org/CodeSystem/v3-Race,1055-3,Chimariko,Chimariko
http://terminology.hl7.org/CodeSystem/v3-Race,1056-1,Coast Miwok,Coast Miwok
http://terminology.hl7.org/CodeSystem/v3-Race,1057-9,Digger,Digger
http://terminology.hl7.org/CodeSystem/v3-Race,1058-7,Kawaiisu,Kawaiisu
http://terminology.hl7.org/CodeSystem/v3-Race,1059-5,Kern River,Kern River
http://terminology.hl7.org/CodeSystem/v3-Race,1060-3,Mattole,Mattole
http://terminology.hl7.org/CodeSystem/v3-Race,1061-1,Red Wood,Red Wood
http://terminology.hl7.org/CodeSystem/v3-Race,1062-9,Santa Rosa,Santa Rosa
http://terminology.hl7.org/CodeSystem/v3-Race,1063-7,Takelma,Takelma
http://terminology.hl7.org/CodeSystem/v3-Race,1064-5,Wappo,Wappo
http://terminology.hl7.org/CodeSystem/v3-Race,1065-2,Yana,Yana
http://terminology.hl7.org/CodeSystem/v3-Race,1066-0,Yuki,Yuki
http://terminology.hl7.org/CodeSystem/v3-Race,1068-6,Canadian and Latin American Indian,Canadian and Latin American Indian
http://terminology.hl7.org/CodeSystem/v3-Race,1069-4,Canadian Indian,Canadian Indian
http://terminology.hl7.org/CodeSystem/v3-Race,1070-2,Central American Indian,Central American Indian
http://terminology.hl7.org/CodeSystem/v3-Race,1071-0,French American Indian,French American Indian
http://terminology.hl7.org/CodeSystem/v3-Race,1072-8,Mexican American Indian,Mexican American Indian
http://terminology.hl7.org/CodeSystem/v3-Race,1073-6,South American Indian,South American Indian
http://terminology.hl7.org/CodeSystem/v3-Race,1074-4,Spanish American Indian,Spanish American Indian
http://terminology.hl7.org/CodeSystem/v3-Race,1076-9,Catawba,Catawba
http://terminology.hl7.org/CodeSystem/v3-Race,1741-8,Alatna,Alatna
http://terminology.hl7.org/CodeSystem/v3-Race,1742-6,Alexander,Alexander
http://terminology.hl7.org/CodeSystem/v3-Race,1743-4,Allakaket,Allakaket
http://terminology.hl7.org/CodeSystem/v3-Race,1744-2,Alanvik,Alanvik
http://terminology.hl7.org/CodeSystem/v3-Race,1745-9,Anvik,Anvik
http://terminology.hl7.org/CodeSystem/v3-Race,1746-7,Arctic,Arctic
http://terminology.hl7.org/CodeSystem/v3-Race,1747-5,Beaver,Beaver
http://terminology.hl7.org/CodeSystem/v3-Race,1748-3,Birch Creek,Birch Creek
http://terminology.hl7.org/CodeSystem/v3-Race,1749-1,Cantwell,Cantwell
http://terminology.hl7.org/CodeSystem/v3-Race,1750-9,Chalkyitsik,Chalkyitsik
http://terminology.hl7.org/CodeSystem/v3-Race,1751-7,Chickaloon,Chickaloon
http://terminology.hl7.org/CodeSystem/v3-Race,1752-5,Chistochina,Chistochina
http://terminology.hl7.org/CodeSystem/v3-Race,1753-3,Chitina,Chitina
http://terminology.hl7.org/CodeSystem/v3-Race,1754-1,Circle,Circle
http://terminology.hl7.org/CodeSystem/v3-Race,1755-8,Cook Inlet,Cook Inlet
http://terminology.hl7.org/CodeSystem/v3-Race,1756-6,Copper Center,Copper Center
http://terminology.hl7.org/CodeSystem/v3-Race,1757-4,Copper River,Copper River
http://terminology.hl7.org/CodeSystem/v3-Race,1758-2,Dot Lake,Dot Lake
http://terminology.hl7.org/CodeSystem/v3-Race,1759-0,Doyon,Doyon
http://terminology.hl7.org/CodeSystem/v3-Race,1760-8,Eagle,Eagle
http://terminology.hl7.org/CodeSystem/v3-Race,1761-6,Eklutna,Eklutna
http://terminology.hl7.org/CodeSystem/v3-Race,1762-4,Evansville,Evansville
http://terminology.hl7.org/CodeSystem/v3-Race,1763-2,Fort Yukon,Fort Yukon
http://terminology.hl7.org/CodeSystem/v3-Race,1764-0,Gakona,Gakona
http://terminology.hl7.org/CodeSystem/v3-Race,1765-7,Galena,Galena
http://terminology.hl7.org/CodeSystem/v3-Race,1766-5,Grayling,Grayling
http://terminology.hl7.org/CodeSystem/v3-Race,1767-3,Gulkana,Gulkana
http://terminology.hl7.org/CodeSystem/v3-Race,1768-1,Healy Lake,Healy Lake
http://terminology.hl7.org/CodeSystem/v3-Race,1769-9,Holy Cross,Holy Cross
http://terminology.hl7.org/CodeSystem/v3-Race,1770-7,Hughes,Hughes
http://terminology.hl7.org/CodeSystem/v3-Race,1771-5,Huslia,Huslia
http://terminology.hl7.org/CodeSystem/v3-Race,1772-3,Iliamna,Iliamna
http://terminology.hl7.org/CodeSystem/v3-Race,1773-1,Kaltag,Kaltag
http://terminology.hl7.org/CodeSystem/v3-Race,1774-9,Kluti Kaah,Kluti Kaah
http://terminology.hl7.org/CodeSystem/v3-Race,1775-6,Knik,Knik
http://terminology.hl7.org/CodeSystem/v3-Race,1776-4,Koyukuk,Koyukuk
http://terminology.hl7.org/CodeSystem/v3-Race,1777-2,Lake Minchumina,Lake Minchumina
http://terminology.hl7.org/CodeSystem/v3-Race,1778-0,Lime,Lime
http://terminology.hl7.org/CodeSystem/v3-Race,1779-8,Mcgrath,Mcgrath
http://terminology.hl7.org/CodeSystem/v3-Race,1780-6,Manley Hot Springs,Manley Hot Springs
http://terminology.hl7.org/CodeSystem/v3-Race,1781-4,Mentasta Lake,Mentasta Lake
http://terminology.hl7.org/CodeSystem/v3-Race,1782-2,Minto,Minto
http://terminology.hl7.org/CodeSystem/v3-Race,1783-0,Nenana,Nenana
http://terminology.hl7.org/CodeSystem/v3-Race,1784-8,Nikolai,Nikolai
http://terminology.hl7.org/CodeSystem/v3-Race,1785-5,Ninilchik,Ninilchik
http://terminology.hl7.org/CodeSystem/v3-Race,1786-3,Nondalton,Nondalton
http://terminology.hl7.org/CodeSystem/v3-Race,1787-1,Northway,Northway
http://terminology.hl7.org/CodeSystem/v3-Race,1788-9,Nulato,Nulato
http://terminology.hl7.org/CodeSystem/v3-Race,1789-7,Pedro Bay,Pedro Bay
http://terminology.hl7.org/CodeSystem/v3-Race,1790-5,Rampart,Rampart
http://terminology.hl7.org/CodeSystem/v3-Race,1791-3,Ruby,Ruby
http://terminology.hl7.org/CodeSystem/v3-Race,1792-1,Salamatof,Salamatof
http://terminology.hl7.org/CodeSystem/v3-Race,1793-9,Seldovia,Seldovia
http://terminology.hl7.org/CodeSystem/v3-Race,1794-7,Slana,Slana
http://terminology.hl7.org/CodeSystem/v3-Race,1795-4,Shageluk,Shageluk
http://terminology.hl7.org/CodeSystem/v3-Race,1796-2,Stevens,Stevens
http://terminology.hl7.org/CodeSystem/v3-Race,1797-0,Stony River,Stony River
http://terminology.hl7.org/CodeSystem/v3-Race,1798-8,Takotna,Takotna
http://terminology.hl7.org/CodeSystem/v3-Race,1799-6,Tanacross,Tanacross
http://terminology.hl7.org/CodeSystem/v3-Race,1800-2,Tanaina,Tanaina
http://terminology.hl7.org/CodeSystem/v3-Race,1801-0,Tanana,Tanana
http://terminology.hl7.org/CodeSystem/v3-Race,1802-8,Tanana Chiefs,Tanana Chiefs
http://terminology.hl7.org/CodeSystem/v3-Race,1803-6,Tazlina,Tazlina
http://terminology.hl7.org/CodeSystem/v3-Race,1804-4,Telida,Telida
http://terminology.hl7.org/CodeSystem/v3-Race,1805-1,Tetlin,Tetlin
http://terminology.hl7.org/CodeSystem/v3-Race,1806-9,Tok,Tok
http://terminology.hl7.org/CodeSystem/v3-Race,1807-7,Tyonek,Tyonek
http://terminology.hl7.org/CodeSystem/v3-Race,1808-5,Venetie,Venetie
http://terminology.hl7.org/CodeSystem/v3-Race,1809-3,Wiseman,Wiseman
http://terminology.hl7.org/CodeSystem/v3-Race,1078-5,Cayuse,Cayuse
http://terminology.hl7.org/CodeSystem/v3-Race,1080-1,Chehalis,Chehalis
http://terminology.hl7.org/CodeSystem/v3-Race,1082-7,Chemakuan,Chemakuan
http://terminology.hl7.org/CodeSystem/v3-Race,1083-5,Hoh,Hoh
http://terminology.hl7.org/CodeSystem/v3-Race,1084-3,Quileute,Quileute
http://terminology.hl7.org/CodeSystem/v3-Race,1086-8,Chemehuevi,Chemehuevi
http://terminology.hl7.org/CodeSystem/v3-Race,1088-4,Cherokee,Cherokee
http://terminology.hl7.org/CodeSystem/v3-Race,1089-2,Cherokee Alabama,Cherokee Alabama
http://terminology.hl7.org/CodeSystem/v3-Race,1090-0,Cherokees of Northeast Alabama,Cherokees of Northeast Alabama
http://terminology.hl7.org/CodeSystem/v3-Race,1091-8,Cherokees of Southeast Alabama,Cherokees of Southeast Alabama
http://terminology.hl7.org/CodeSystem/v3-Race,1092-6,Eastern Cherokee,Eastern Cherokee
http://terminology.hl7.org/CodeSystem/v3-Race,1093-4,Echota Cherokee,Echota Cherokee
http://terminology.hl7.org/CodeSystem/v3-Race,1094-2,Etowah Cherokee,Etowah Cherokee
http://terminology.hl7.org/CodeSystem/v3-Race,1095-9,Northern Cherokee,Northern Cherokee
http://terminology.hl7.org/CodeSystem/v3-Race,1096-7,Tuscola,Tuscola
http://terminology.hl7.org/CodeSystem/v3-Race,1097-5,United Keetowah Band of Cherokee,United Keetowah Band of Cherokee
http://terminology.hl7.org/CodeSystem/v3-Race,1098-3,Western Cherokee,Western Cherokee
http://terminology.hl7.org/CodeSystem/v3-Race,1100-7,Cherokee Shawnee,Cherokee Shawnee
http://terminology.hl7.org/CodeSystem/v3-Race,1102-3,Cheyenne,Cheyenne
http://terminology.hl7.org/CodeSystem/v3-Race,1103-1,Northern Cheyenne,Northern Cheyenne
http://terminology.hl7.org/CodeSystem/v3-Race,1104-9,Southern Cheyenne,Southern Cheyenne
http://terminology.hl7.org/CodeSystem/v3-Race,1106-4,Cheyenne-Arapaho,Cheyenne-Arapaho
http://terminology.hl7.org/CodeSystem/v3-Race,1108-0,Chickahominy,Chickahominy
http://terminology.hl7.org/CodeSystem/v3-Race,1109-8,Eastern Chickahominy,Eastern Chickahominy
http://terminology.hl7.org/CodeSystem/v3-Race,1110-6,Western Chickahominy,Western Chickahominy
http://terminology.hl7.org/CodeSystem/v3-Race,1112-2,Chickasaw,Chickasaw
http://terminology.hl7.org/CodeSystem/v3-Race,1114-8,Chinook,Chinook
http://terminology.hl7.org/CodeSystem/v3-Race,1115-5,Clatsop,Clatsop
http://terminology.hl7.org/CodeSystem/v3-Race,1116-3,Columbia River Chinook,Columbia River Chinook
http://terminology.hl7.org/CodeSystem/v3-Race,1117-1,Kathlamet,Kathlamet
http://terminology.hl7.org/CodeSystem/v3-Race,1118-9,Upper Chinook,Upper Chinook
http://terminology.hl7.org/CodeSystem/v3-Race,1119-7,Wakiakum Chinook,Wakiakum Chinook
http://terminology.hl7.org/CodeSystem/v3-Race,1120-5,Willapa Chinook,Willapa Chinook
http://terminology.hl7.org/CodeSystem/v3-Race,1121-3,Wishram,Wishram
http://terminology.hl7.org/CodeSystem/v3-Race,1123-9,Chippewa,Chippewa
http://terminology.hl7.org/CodeSystem/v3-Race,1124-7,Bad River,Bad River
http://terminology.hl7.org/CodeSystem/v3-Race,1125-4,Bay Mills Chippewa,Bay Mills Chippewa
http://terminology.hl7.org/CodeSystem/v3-Race,1126-2,Bois Forte,Bois Forte
http://terminology.hl7.org/CodeSystem/v3-Race,1127-0,Burt Lake Chippewa,Burt Lake Chippewa
http://terminology.hl7.org/CodeSystem/v3-Race,1128-8,Fond du Lac,Fond du Lac
http://terminology.hl7.org/CodeSystem/v3-Race,1129-6,Grand Portage,Grand Portage
http://terminology.hl7.org/CodeSystem/v3-Race,1130-4,Grand Traverse Band of Ottawa-Chippewa,Grand Traverse Band of Ottawa-Chippewa
http://terminology.hl7.org/CodeSystem/v3-Race,1131-2,Keweenaw,Keweenaw
http://terminology.hl7.org/CodeSystem/v3-Race,1132-0,Lac Courte Oreilles,Lac Courte Oreilles
http://terminology.hl7.org/CodeSystem/v3-Race,1133-8,Lac du Flambeau,Lac du Flambeau
http://terminology.hl7.org/CodeSystem/v3-Race,1134-6,Lac Vieux Desert Chippewa,Lac Vieux Desert Chippewa
http://terminology.hl7.org/CodeSystem/v3-Race,1135-3,Lake Superior,Lake Superior
http://terminology.hl7.org/CodeSystem/v3-Race,1136-1,Leech Lake,Leech Lake
http://terminology.hl7.org/CodeSystem/v3-Race,1137-9,Little Shell Chippewa,Little Shell Chippewa
http://terminology.hl7.org/CodeSystem/v3-Race,1138-7,Mille Lacs,Mille Lacs
http://terminology.hl7.org/CodeSystem/v3-Race,1139-5,Minnesota Chippewa,Minnesota Chippewa
http://terminology.hl7.org/CodeSystem/v3-Race,1140-3,Ontonagon,Ontonagon
http://terminology.hl7.org/CodeSystem/v3-Race,1141-1,Red Cliff Chippewa,Red Cliff Chippewa
http://terminology.hl7.org/CodeSystem/v3-Race,1142-9,Red Lake Chippewa,Red Lake Chippewa
http://terminology.hl7.org/CodeSystem/v3-Race,1143-7,Saginaw Chippewa,Saginaw Chippewa
http://terminology.hl7.org/CodeSystem/v3-Race,1144-5,St. Croix Chippewa,St. Croix Chippewa
http://terminology.hl7.org/CodeSystem/v3-Race,1145-2,Sault Ste. Marie Chippewa,Sault Ste. Marie Chippewa
http://terminology.hl7.org/CodeSystem/v3-Race,1146-0,Sokoagon Chippewa,Sokoagon Chippewa
http://terminology.hl7.org/CodeSystem/v3-Race,1147-8,Turtle Mountain,Turtle Mountain
http://terminology.hl7.org/CodeSystem/v3-Race,1148-6,White Earth,White Earth
http://terminology.hl7.org/CodeSystem/v3-Race,1150-2,Chippewa Cree,Chippewa Cree
http://terminology.hl7.org/CodeSystem/v3-Race,1151-0,Rocky Boy's Chippewa Cree,Rocky Boy's Chippewa Cree
http://terminology.hl7.org/CodeSystem/v3-Race,1153-6,Chitimacha,Chitimacha
http://terminology.hl7.org/CodeSystem/v3-Race,1155-1,Choctaw,Choctaw
http://terminology.hl7.org/CodeSystem/v3-Race,1156-9,Clifton Choctaw,Clifton Choctaw
http://terminology.hl7.org/CodeSystem/v3-Race,1157-7,Jena Choctaw,Jena Choctaw
http://terminology.hl7.org/CodeSystem/v3-Race,1158-5,Mississippi Choctaw,Mississippi Choctaw
http://terminology.hl7.org/CodeSystem/v3-Race,1159-3,Mowa Band of Choctaw,Mowa Band of Choctaw
http://terminology.hl7.org/CodeSystem/v3-Race,1160-1,Oklahoma Choctaw,Oklahoma Choctaw
http://terminology.hl7.org/CodeSystem/v3-Race,1162-7,Chumash,Chumash
http://terminology.hl7.org/CodeSystem/v3-Race,1163-5,Santa Ynez,Santa Ynez
http://terminology.hl7.org/CodeSystem/v3-Race,1165-0,Clear Lake,Clear Lake
http://terminology.hl7.org/CodeSystem/v3-Race,1167-6,Coeur D'Alene,Coeur D'Alene
http://terminology.hl7.org/CodeSystem/v3-Race,1169-2,Coharie,Coharie
http://terminology.hl7.org/CodeSystem/v3-Race,1171-8,Colorado River,Colorado River
http://terminology.hl7.org/CodeSystem/v3-Race,1173-4,Colville,Colville
http://terminology.hl7.org/CodeSystem/v3-Race,1175-9,Comanche,Comanche
http://terminology.hl7.org/CodeSystem/v3-Race,1176-7,Oklahoma Comanche,Oklahoma Comanche
http://terminology.hl7.org/CodeSystem/v3-Race,1178-3,"Coos, Lower Umpqua, Siuslaw","Coos, Lower Umpqua, Siuslaw"
http://terminology.hl7.org/CodeSystem/v3-Race,1180-9,Coos,Coos
http://terminology.hl7.org/CodeSystem/v3-Race,1182-5,Coquilles,Coquilles
http://terminology.hl7.org/CodeSystem/v3-Race,1184-1,Costanoan,Costanoan
http://terminology.hl7.org/CodeSystem/v3-Race,1186-6,Coushatta,Coushatta
http://terminology.hl7.org/CodeSystem/v3-Race,1187-4,Alabama Coushatta,Alabama Coushatta
http://terminology.hl7.org/CodeSystem/v3-Race,1189-0,Cowlitz,Cowlitz
http://terminology.hl7.org/CodeSystem/v3-Race,1191-6,Cree,Cree
http://terminology.hl7.org/CodeSystem/v3-Race,1193-2,Creek,Creek
http://terminology.hl7.org/CodeSystem/v3-Race,1194-0,Alabama Creek,Alabama Creek
http://terminology.hl7.org/CodeSystem/v3-Race,1195-7,Alabama Quassarte,Alabama Quassarte
http://terminology.hl7.org/CodeSystem/v3-Race,1196-5,Eastern Creek,Eastern Creek
http://terminology.hl7.org/CodeSystem/v3-Race,1197-3,Eastern Muscogee,Eastern Muscogee
http://terminology.hl7.org/CodeSystem/v3-Race,1198-1,Kialegee,Kialegee
http://terminology.hl7.org/CodeSystem/v3-Race,1199-9,Lower Muscogee,Lower Muscogee
http://terminology.hl7.org/CodeSystem/v3-Race,1200-5,Machis Lower Creek Indian,Machis Lower Creek Indian
http://terminology.hl7.org/CodeSystem/v3-Race,1201-3,Poarch Band,Poarch Band
http://terminology.hl7.org/CodeSystem/v3-Race,1202-1,Principal Creek Indian Nation,Principal Creek Indian Nation
http://terminology.hl7.org/CodeSystem/v3-Race,1203-9,Star Clan of Muscogee Creeks,Star Clan of Muscogee Creeks
http://terminology.hl7.org/CodeSystem/v3-Race,1204-7,Thlopthlocco,Thlopthlocco
http://terminology.hl7.org/CodeSystem/v3-Race,1205-4,Tuckabachee,Tuckabachee
http://terminology.hl7.org/CodeSystem/v3-Race,1207-0,Croatan,Croatan
http://terminology.hl7.org/CodeSystem/v3-Race,1209-6,Crow,Crow
http://terminology.hl7.org/CodeSystem/v3-Race,1211-2,Cupeno,Cupeno
http://terminology.hl7.org/CodeSystem/v3-Race,1212-0,Agua Caliente,Agua Caliente
http://terminology.hl7.org/CodeSystem/v3-Race,1214-6,Delaware,Delaware
http://terminology.hl7.org/CodeSystem/v3-Race,1215-3,Eastern Delaware,Eastern Delaware
http://terminology.hl7.org/CodeSystem/v3-Race,1216-1,Lenni-Lenape,Lenni-Lenape
http://terminology.hl7.org/CodeSystem/v3-Race,1217-9,Munsee,Munsee
http://terminology.hl7.org/CodeSystem/v3-Race,1218-7,Oklahoma Delaware,Oklahoma Delaware
http://terminology.hl7.org/CodeSystem/v3-Race,1219-5,Rampough Mountain,Rampough Mountain
http://terminology.hl7.org/CodeSystem/v3-Race,1220-3,Sand Hill,Sand Hill
http://terminology.hl7.org/CodeSystem/v3-Race,1222-9,Diegueno,Diegueno
http://terminology.hl7.org/CodeSystem/v3-Race,1223-7,Campo,Campo
http://terminology.hl7.org/CodeSystem/v3-Race,1224-5,Capitan Grande,Capitan Grande
http://terminology.hl7.org/CodeSystem/v3-Race,1225-2,Cuyapaipe,Cuyapaipe
http://terminology.hl7.org/CodeSystem/v3-Race,1226-0,La Posta,La Posta
http://terminology.hl7.org/CodeSystem/v3-Race,1227-8,Manzanita,Manzanita
http://terminology.hl7.org/CodeSystem/v3-Race,1228-6,Mesa Grande,Mesa Grande
http://terminology.hl7.org/CodeSystem/v3-Race,1229-4,San Pasqual,San Pasqual
http://terminology.hl7.org/CodeSystem/v3-Race,1230-2,Santa Ysabel,Santa Ysabel
http://terminology.hl7.org/CodeSystem/v3-Race,1231-0,Sycuan,Sycuan
http://terminology.hl7.org/CodeSystem/v3-Race,1233-6,Eastern Tribes,Eastern Tribes
http://terminology.hl7.org/CodeSystem/v3-Race,1234-4,Attacapa,Attacapa
http://terminology.hl7.org/CodeSystem/v3-Race,1235-1,Biloxi,Biloxi
http://terminology.hl7.org/CodeSystem/v3-Race,1236-9,Georgetown,Georgetown
http://terminology.hl7.org/CodeSystem/v3-Race,1237-7,Moor,Moor
http://terminology.hl7.org/CodeSystem/v3-Race,1238-5,Nansemond,Nansemond
http://terminology.hl7.org/CodeSystem/v3-Race,1239-3,Natchez,Natchez
http://terminology.hl7.org/CodeSystem/v3-Race,1240-1,Nausu Waiwash,Nausu Waiwash
http://terminology.hl7.org/CodeSystem/v3-Race,1241-9,Nipmuc,Nipmuc
http://terminology.hl7.org/CodeSystem/v3-Race,1242-7,Paugussett,Paugussett
http://terminology.hl7.org/CodeSystem/v3-Race,1243-5,Pocomoke Acohonock,Pocomoke Acohonock
http://terminology.hl7.org/CodeSystem/v3-Race,1244-3,Southeastern Indians,Southeastern Indians
http://terminology.hl7.org/CodeSystem/v3-Race,1245-0,Susquehanock,Susquehanock
http://terminology.hl7.org/CodeSystem/v3-Race,1246-8,Tunica Biloxi,Tunica Biloxi
http://terminology.hl7.org/CodeSystem/v3-Race,1247-6,Waccamaw-Siousan,Waccamaw-Siousan
http://terminology.hl7.org/CodeSystem/v3-Race,1248-4,Wicomico,Wicomico
http://terminology.hl7.org/CodeSystem/v3-Race,1250-0,Esselen,Esselen
http://terminology.hl7.org/CodeSystem/v3-Race,1252-6,Fort Belknap,Fort Belknap
http://terminology.hl7.org/CodeSystem/v3-Race,1254-2,Fort Berthold,Fort Berthold
http://terminology.hl7.org/CodeSystem/v3-Race,1256-7,Fort Mcdowell,Fort Mcdowell
http://terminology.hl7.org/CodeSystem/v3-Race,1258-3,Fort Hall,Fort Hall
http://terminology.hl7.org/CodeSystem/v3-Race,1260-9,Gabrieleno,Gabrieleno
http://terminology.hl7.org/CodeSystem/v3-Race,1262-5,Grand Ronde,Grand Ronde
http://terminology.hl7.org/CodeSystem/v3-Race,1264-1,Gros Ventres,Gros Ventres
http://terminology.hl7.org/CodeSystem/v3-Race,1265-8,Atsina,Atsina
http://terminology.hl7.org/CodeSystem/v3-Race,1267-4,Haliwa,Haliwa
http://terminology.hl7.org/CodeSystem/v3-Race,1269-0,Hidatsa,Hidatsa
http://terminology.hl7.org/CodeSystem/v3-Race,1271-6,Hoopa,Hoopa
http://terminology.hl7.org/CodeSystem/v3-Race,1272-4,Trinity,Trinity
http://terminology.hl7.org/CodeSystem/v3-Race,1273-2,Whilkut,Whilkut
http://terminology.hl7.org/CodeSystem/v3-Race,1275-7,Hoopa Extension,Hoopa Extension
http://terminology.hl7.org/CodeSystem/v3-Race,1277-3,Houma,Houma
http://terminology.hl7.org/CodeSystem/v3-Race,1279-9,Inaja-Cosmit,Inaja-Cosmit
http://terminology.hl7.org/CodeSystem/v3-Race,1281-5,Iowa,Iowa
http://terminology.hl7.org/CodeSystem/v3-Race,1282-3,Iowa of Kansas-Nebraska,Iowa of Kansas-Nebraska
http://terminology.hl7.org/CodeSystem/v3-Race,1283-1,Iowa of Oklahoma,Iowa of Oklahoma
http://terminology.hl7.org/CodeSystem/v3-Race,1285-6,Iroquois,Iroquois
http://terminology.hl7.org/CodeSystem/v3-Race,1286-4,Cayuga,Cayuga
http://terminology.hl7.org/CodeSystem/v3-Race,1287-2,Mohawk,Mohawk
http://terminology.hl7.org/CodeSystem/v3-Race,1288-0,Oneida,Oneida
http://terminology.hl7.org/CodeSystem/v3-Race,1289-8,Onondaga,Onondaga
http://terminology.hl7.org/CodeSystem/v3-Race,1290-6,Seneca,Seneca
http://terminology.hl7.org/CodeSystem/v3-Race,1291-4,Seneca Nation,Seneca Nation
http://terminology.hl7.org/CodeSystem/v3-Race,1292-2,Seneca-Cayuga,Seneca-Cayuga
http://terminology.hl7.org/CodeSystem/v3-Race,1293-0,Tonawanda Seneca,Tonawanda Seneca
http://terminology.hl7.org/CodeSystem/v3-Race,1294-8,Tuscarora,Tuscarora
http://terminology.hl7.org/CodeSystem/v3-Race,1295-5,Wyandotte,Wyandotte
http://terminology.hl7.org/CodeSystem/v3-Race,1297-1,Juaneno,Juaneno
http://terminology.hl7.org/CodeSystem/v3-Race,1299-7,Kalispel,Kalispel
http://terminology.hl7.org/CodeSystem/v3-Race,1301-1,Karuk,Karuk
http://terminology.hl7.org/CodeSystem/v3-Race,1303-7,Kaw,Kaw
http://terminology.hl7.org/CodeSystem/v3-Race,1305-2,Kickapoo,Kickapoo
http://terminology.hl7.org/CodeSystem/v3-Race,1306-0,Oklahoma Kickapoo,Oklahoma Kickapoo
http://terminology.hl7.org/CodeSystem/v3-Race,1307-8,Texas Kickapoo,Texas Kickapoo
http://terminology.hl7.org/CodeSystem/v3-Race,1309-4,Kiowa,Kiowa
http://terminology.hl7.org/CodeSystem/v3-Race,1310-2,Oklahoma Kiowa,Oklahoma Kiowa
http://terminology.hl7.org/CodeSystem/v3-Race,1312-8,Klallam,Klallam
http://terminology.hl7.org/CodeSystem/v3-Race,1313-6,Jamestown,Jamestown
http://terminology.hl7.org/CodeSystem/v3-Race,1314-4,Lower Elwha,Lower Elwha
http://terminology.hl7.org/CodeSystem/v3-Race,1315-1,Port Gamble Klallam,Port Gamble Klallam
http://terminology.hl7.org/CodeSystem/v3-Race,1317-7,Klamath,Klamath
http://terminology.hl7.org/CodeSystem/v3-Race,1319-3,Konkow,Konkow
http://terminology.hl7.org/CodeSystem/v3-Race,1321-9,Kootenai,Kootenai
http://terminology.hl7.org/CodeSystem/v3-Race,1323-5,Lassik,Lassik
http://terminology.hl7.org/CodeSystem/v3-Race,1325-0,Long Island,Long Island
http://terminology.hl7.org/CodeSystem/v3-Race,1326-8,Matinecock,Matinecock
http://terminology.hl7.org/CodeSystem/v3-Race,1327-6,Montauk,Montauk
http://terminology.hl7.org/CodeSystem/v3-Race,1328-4,Poospatuck,Poospatuck
http://terminology.hl7.org/CodeSystem/v3-Race,1329-2,Setauket,Setauket
http://terminology.hl7.org/CodeSystem/v3-Race,1331-8,Luiseno,Luiseno
http://terminology.hl7.org/CodeSystem/v3-Race,1332-6,La Jolla,La Jolla
http://terminology.hl7.org/CodeSystem/v3-Race,1333-4,Pala,Pala
http://terminology.hl7.org/CodeSystem/v3-Race,1334-2,Pauma,Pauma
http://terminology.hl7.org/CodeSystem/v3-Race,1335-9,Pechanga,Pechanga
http://terminology.hl7.org/CodeSystem/v3-Race,1336-7,Soboba,Soboba
http://terminology.hl7.org/CodeSystem/v3-Race,1337-5,Twenty-Nine Palms,Twenty-Nine Palms
http://terminology.hl7.org/CodeSystem/v3-Race,1338-3,Temecula,Temecula
http://terminology.hl7.org/CodeSystem/v3-Race,1340-9,Lumbee,Lumbee
http://terminology.hl7.org/CodeSystem/v3-Race,1342-5,Lummi,Lummi
http://terminology.hl7.org/CodeSystem/v3-Race,1344-1,Maidu,Maidu
http://terminology.hl7.org/CodeSystem/v3-Race,1345-8,Mountain Maidu,Mountain Maidu
http://terminology.hl7.org/CodeSystem/v3-Race,1346-6,Nishinam,Nishinam
http://terminology.hl7.org/CodeSystem/v3-Race,1348-2,Makah,Makah
http://terminology.hl7.org/CodeSystem/v3-Race,1350-8,Maliseet,Maliseet
http://terminology.hl7.org/CodeSystem/v3-Race,1352-4,Mandan,Mandan
http://terminology.hl7.org/CodeSystem/v3-Race,1354-0,Mattaponi,Mattaponi
http://terminology.hl7.org/CodeSystem/v3-Race,1356-5,Menominee,Menominee
http://terminology.hl7.org/CodeSystem/v3-Race,1358-1,Miami,Miami
http://terminology.hl7.org/CodeSystem/v3-Race,1359-9,Illinois Miami,Illinois Miami
http://terminology.hl7.org/CodeSystem/v3-Race,1360-7,Indiana Miami,Indiana Miami
http://terminology.hl7.org/CodeSystem/v3-Race,1361-5,Oklahoma Miami,Oklahoma Miami
http://terminology.hl7.org/CodeSystem/v3-Race,1363-1,Miccosukee,Miccosukee
http://terminology.hl7.org/CodeSystem/v3-Race,1365-6,Micmac,Micmac
http://terminology.hl7.org/CodeSystem/v3-Race,1366-4,Aroostook,Aroostook
http://terminology.hl7.org/CodeSystem/v3-Race,1368-0,Mission Indians,Mission Indians
http://terminology.hl7.org/CodeSystem/v3-Race,1370-6,Miwok,Miwok
http://terminology.hl7.org/CodeSystem/v3-Race,1372-2,Modoc,Modoc
http://terminology.hl7.org/CodeSystem/v3-Race,1374-8,Mohegan,Mohegan
http://terminology.hl7.org/CodeSystem/v3-Race,1376-3,Mono,Mono
http://terminology.hl7.org/CodeSystem/v3-Race,1378-9,Nanticoke,Nanticoke
http://terminology.hl7.org/CodeSystem/v3-Race,1380-5,Narragansett,Narragansett
http://terminology.hl7.org/CodeSystem/v3-Race,1382-1,Navajo,Navajo
http://terminology.hl7.org/CodeSystem/v3-Race,1383-9,Alamo Navajo,Alamo Navajo
http://terminology.hl7.org/CodeSystem/v3-Race,1384-7,Canoncito Navajo,Canoncito Navajo
http://terminology.hl7.org/CodeSystem/v3-Race,1385-4,Ramah Navajo,Ramah Navajo
http://terminology.hl7.org/CodeSystem/v3-Race,1387-0,Nez Perce,Nez Perce
http://terminology.hl7.org/CodeSystem/v3-Race,1389-6,Nomalaki,Nomalaki
http://terminology.hl7.org/CodeSystem/v3-Race,1391-2,Northwest Tribes,Northwest Tribes
http://terminology.hl7.org/CodeSystem/v3-Race,1392-0,Alsea,Alsea
http://terminology.hl7.org/CodeSystem/v3-Race,1393-8,Celilo,Celilo
http://terminology.hl7.org/CodeSystem/v3-Race,1394-6,Columbia,Columbia
http://terminology.hl7.org/CodeSystem/v3-Race,1395-3,Kalapuya,Kalapuya
http://terminology.hl7.org/CodeSystem/v3-Race,1396-1,Molala,Molala
http://terminology.hl7.org/CodeSystem/v3-Race,1397-9,Talakamish,Talakamish
http://terminology.hl7.org/CodeSystem/v3-Race,1398-7,Tenino,Tenino
http://terminology.hl7.org/CodeSystem/v3-Race,1399-5,Tillamook,Tillamook
http://terminology.hl7.org/CodeSystem/v3-Race,1400-1,Wenatchee,Wenatchee
http://terminology.hl7.org/CodeSystem/v3-Race,1401-9,Yahooskin,Yahooskin
http://terminology.hl7.org/CodeSystem/v3-Race,1403-5,Omaha,Omaha
http://terminology.hl7.org/CodeSystem/v3-Race,1405-0,Oregon Athabaskan,Oregon Athabaskan
http://terminology.hl7.org/CodeSystem/v3-Race,1407-6,Osage,Osage
http://terminology.hl7.org/CodeSystem/v3-Race,1409-2,Otoe-Missouria,Otoe-Missouria
http://terminology.hl7.org/CodeSystem/v3-Race,1411-8,Ottawa,Ottawa
http://terminology.hl7.org/CodeSystem/v3-Race,1412-6,Burt Lake Ottawa,Burt Lake Ottawa
http://terminology.hl7.org/CodeSystem/v3-Race,1413-4,Michigan Ottawa,Michigan Ottawa
http://terminology.hl7.org/CodeSystem/v3-Race,1414-2,Oklahoma Ottawa,Oklahoma Ottawa
http://terminology.hl7.org/CodeSystem/v3-Race,1416-7,Paiute,Paiute
http://terminology.hl7.org/CodeSystem/v3-Race,1417-5,Bishop,Bishop
http://terminology.hl7.org/CodeSystem/v3-Race,1418-3,Bridgeport,Bridgeport
http://terminology.hl7.org/CodeSystem/v3-Race,1419-1,Burns Paiute,Burns Paiute
http://terminology.hl7.org/CodeSystem/v3-Race,1420-9,Cedarville,Cedarville
http://terminology.hl7.org/CodeSystem/v3-Race,1421-7,Fort Bidwell,Fort Bidwell
http://terminology.hl7.org/CodeSystem/v3-Race,1422-5,Fort Independence,Fort Independence
http://terminology.hl7.org/CodeSystem/v3-Race,1423-3,Kaibab,Kaibab
http://terminology.hl7.org/CodeSystem/v3-Race,1424-1,Las Vegas,Las Vegas
http://terminology.hl7.org/CodeSystem/v3-Race,1425-8,Lone Pine,Lone Pine
http://terminology.hl7.org/CodeSystem/v3-Race,1426-6,Lovelock,Lovelock
http://terminology.hl7.org/CodeSystem/v3-Race,1427-4,Malheur Paiute,Malheur Paiute
http://terminology.hl7.org/CodeSystem/v3-Race,1428-2,Moapa,Moapa
http://terminology.hl7.org/CodeSystem/v3-Race,1429-0,Northern Paiute,Northern Paiute
http://terminology.hl7.org/CodeSystem/v3-Race,1430-8,Owens Valley,Owens Valley
http://terminology.hl7.org/CodeSystem/v3-Race,1431-6,Pyramid Lake,Pyramid Lake
http://terminology.hl7.org/CodeSystem/v3-Race,1432-4,San Juan Southern Paiute,San Juan Southern Paiute
http://terminology.hl7.org/CodeSystem/v3-Race,1433-2,Southern Paiute,Southern Paiute
http://terminology.hl7.org/CodeSystem/v3-Race,1434-0,Summit Lake,Summit Lake
http://terminology.hl7.org/CodeSystem/v3-Race,1435-7,Utu Utu Gwaitu Paiute,Utu Utu Gwaitu Paiute
http://terminology.hl7.org/CodeSystem/v3-Race,1436-5,Walker River,Walker River
http://terminology.hl7.org/CodeSystem/v3-Race,1437-3,Yerington Paiute,Yerington Paiute
http://terminology.hl7.org/CodeSystem/v3-Race,1439-9,Pamunkey,Pamunkey
http://terminology.hl7.org/CodeSystem/v3-Race,1441-5,Passamaquoddy,Passamaquoddy
http://terminology.hl7.org/CodeSystem/v3-Race,1442-3,Indian Township,Indian Township
http://terminology.hl7.org/CodeSystem/v3-Race,1443-1,Pleasant Point Passamaquoddy,Pleasant Point Passamaquoddy
http://terminology.hl7.org/CodeSystem/v3-Race,1445-6,Pawnee,Pawnee
http://terminology.hl7.org/CodeSystem/v3-Race,1446-4,Oklahoma Pawnee,Oklahoma Pawnee
http://terminology.hl7.org/CodeSystem/v3-Race,1448-0,Penobscot,Penobscot
http://terminology.hl7.org/CodeSystem/v3-Race,1450-6,Peoria,Peoria
http://terminology.hl7.org/CodeSystem/v3-Race,1451-4,Oklahoma Peoria,Oklahoma Peoria
http://terminology.hl7.org/CodeSystem/v3-Race,1453-0,Pequot,Pequot
http://terminology.hl7.org/CodeSystem/v3-Race,1454-8,Marshantucket Pequot,Marshantucket Pequot
http://terminology.hl7.org/CodeSystem/v3-Race,1456-3,Pima,Pima
http://terminology.hl7.org/CodeSystem/v3-Race,1457-1,Gila River Pima-Maricopa,Gila River Pima-Maricopa
http://terminology.hl7.org/CodeSystem/v3-Race,1458-9,Salt River Pima-Maricopa,Salt River Pima-Maricopa
http://terminology.hl7.org/CodeSystem/v3-Race,1460-5,Piscataway,Piscataway
http://terminology.hl7.org/CodeSystem/v3-Race,1462-1,Pit River,Pit River
http://terminology.hl7.org/CodeSystem/v3-Race,1464-7,Pomo,Pomo
http://terminology.hl7.org/CodeSystem/v3-Race,1465-4,Central Pomo,Central Pomo
http://terminology.hl7.org/CodeSystem/v3-Race,1466-2,Dry Creek,Dry Creek
http://terminology.hl7.org/CodeSystem/v3-Race,1467-0,Eastern Pomo,Eastern Pomo
http://terminology.hl7.org/CodeSystem/v3-Race,1468-8,Kashia,Kashia
http://terminology.hl7.org/CodeSystem/v3-Race,1469-6,Northern Pomo,Northern Pomo
http://terminology.hl7.org/CodeSystem/v3-Race,1470-4,Scotts Valley,Scotts Valley
http://terminology.hl7.org/CodeSystem/v3-Race,1471-2,Stonyford,Stonyford
http://terminology.hl7.org/CodeSystem/v3-Race,1472-0,Sulphur Bank,Sulphur Bank
http://terminology.hl7.org/CodeSystem/v3-Race,1474-6,Ponca,Ponca
http://terminology.hl7.org/CodeSystem/v3-Race,1475-3,Nebraska Ponca,Nebraska Ponca
http://terminology.hl7.org/CodeSystem/v3-Race,1476-1,Oklahoma Ponca,Oklahoma Ponca
http://terminology.hl7.org/CodeSystem/v3-Race,1478-7,Potawatomi,Potawatomi
http://terminology.hl7.org/CodeSystem/v3-Race,1479-5,Citizen Band Potawatomi,Citizen Band Potawatomi
http://terminology.hl7.org/CodeSystem/v3-Race,1480-3,Forest County,Forest County
http://terminology.hl7.org/CodeSystem/v3-Race,1481-1,Hannahville,Hannahville
http://terminology.hl7.org/CodeSystem/v3-Race,1482-9,Huron Potawatomi,Huron Potawatomi
http://terminology.hl7.org/CodeSystem/v3-Race,1483-7,Pokagon Potawatomi,Pokagon Potawatomi
http://terminology.hl7.org/CodeSystem/v3-Race,1484-5,Prairie Band,Prairie Band
http://terminology.hl7.org/CodeSystem/v3-Race,1485-2,Wisconsin Potawatomi,Wisconsin Potawatomi
http://terminology.hl7.org/CodeSystem/v3-Race,1487-8,Powhatan,Powhatan
http://terminology.hl7.org/CodeSystem/v3-Race,1489-4,Pueblo,Pueblo
http://terminology.hl7.org/CodeSystem/v3-Race,1490-2,Acoma,Acoma
http://terminology.hl7.org/CodeSystem/v3-Race,1491-0,Arizona Tewa,Arizona Tewa
http://terminology.hl7.org/CodeSystem/v3-Race,1492-8,Cochiti,Cochiti
http://terminology.hl7.org/CodeSystem/v3-Race,1493-6,Hopi,Hopi
http://terminology.hl7.org/CodeSystem/v3-Race,1494-4,Isleta,Isleta
http://terminology.hl7.org/CodeSystem/v3-Race,1495-1,Jemez,Jemez
http://terminology.hl7.org/CodeSystem/v3-Race,1496-9,Keres,Keres
http://terminology.hl7.org/CodeSystem/v3-Race,1497-7,Laguna,Laguna
http://terminology.hl7.org/CodeSystem/v3-Race,1498-5,Nambe,Nambe
http://terminology.hl7.org/CodeSystem/v3-Race,1499-3,Picuris,Picuris
http://terminology.hl7.org/CodeSystem/v3-Race,1500-8,Piro,Piro
http://terminology.hl7.org/CodeSystem/v3-Race,1501-6,Pojoaque,Pojoaque
http://terminology.hl7.org/CodeSystem/v3-Race,1502-4,San Felipe,San Felipe
http://terminology.hl7.org/CodeSystem/v3-Race,1503-2,San Ildefonso,San Ildefonso
http://terminology.hl7.org/CodeSystem/v3-Race,1504-0,San Juan Pueblo,San Juan Pueblo
http://terminology.hl7.org/CodeSystem/v3-Race,1505-7,San Juan De,San Juan De
http://terminology.hl7.org/CodeSystem/v3-Race,1506-5,San Juan,San Juan
http://terminology.hl7.org/CodeSystem/v3-Race,1507-3,Sandia,Sandia
http://terminology.hl7.org/CodeSystem/v3-Race,1508-1,Santa Ana,Santa Ana
http://terminology.hl7.org/CodeSystem/v3-Race,1509-9,Santa Clara,Santa Clara
http://terminology.hl7.org/CodeSystem/v3-Race,1510-7,Santo Domingo,Santo Domingo
http://terminology.hl7.org/CodeSystem/v3-Race,1511-5,Taos,Taos
http://terminology.hl7.org/CodeSystem/v3-Race,1512-3,Tesuque,Tesuque
http://terminology.hl7.org/CodeSystem/v3-Race,1513-1,Tewa,Tewa
http://terminology.hl7.org/CodeSystem/v3-Race,1514-9,Tigua,Tigua
http://terminology.hl7.org/CodeSystem/v3-Race,1515-6,Zia,Zia
http://terminology.hl7.org/CodeSystem/v3-Race,1516-4,Zuni,Zuni
http://terminology.hl7.org/CodeSystem/v3-Race,1518-0,Puget Sound Salish,Puget Sound Salish
http://terminology.hl7.org/CodeSystem/v3-Race,1519-8,Duwamish,Duwamish
http://terminology.hl7.org/CodeSystem/v3-Race,1520-6,Kikiallus,Kikiallus
http://terminology.hl7.org/CodeSystem/v3-Race,1521-4,Lower Skagit,Lower Skagit
http://terminology.hl7.org/CodeSystem/v3-Race,1522-2,Muckleshoot,Muckleshoot
http://terminology.hl7.org/CodeSystem/v3-Race,1523-0,Nisqually,Nisqually
http://terminology.hl7.org/CodeSystem/v3-Race,1524-8,Nooksack,Nooksack
http://terminology.hl7.org/CodeSystem/v3-Race,1525-5,Port Madison,Port Madison
http://terminology.hl7.org/CodeSystem/v3-Race,1526-3,Puyallup,Puyallup
http://terminology.hl7.org/CodeSystem/v3-Race,1527-1,Samish,Samish
http://terminology.hl7.org/CodeSystem/v3-Race,1528-9,Sauk-Suiattle,Sauk-Suiattle
http://terminology.hl7.org/CodeSystem/v3-Race,1529-7,Skokomish,Skokomish
http://terminology.hl7.org/CodeSystem/v3-Race,1530-5,Skykomish,Skykomish
http://terminology.hl7.org/CodeSystem/v3-Race,1531-3,Snohomish,Snohomish
http://terminology.hl7.org/CodeSystem/v3-Race,1532-1,Snoqualmie,Snoqualmie
http://terminology.hl7.org/CodeSystem/v3-Race,1533-9,Squaxin Island,Squaxin Island
http://terminology.hl7.org/CodeSystem/v3-Race,1534-7,Steilacoom,Steilacoom
http://terminology.hl7.org/CodeSystem/v3-Race,1535-4,Stillaguamish,Stillaguamish
http://terminology.hl7.org/CodeSystem/v3-Race,1536-2,Suquamish,Suquamish
http://terminology.hl7.org/CodeSystem/v3-Race,1537-0,Swinomish,Swinomish
http://terminology.hl7.org/CodeSystem/v3-Race,1538-8,Tulalip,Tulalip
http://terminology.hl7.org/CodeSystem/v3-Race,1539-6,Upper Skagit,Upper Skagit
http://terminology.hl7.org/CodeSystem/v3-Race,1541-2,Quapaw,Quapaw
http://terminology.hl7.org/CodeSystem/v3-Race,1543-8,Quinault,Quinault
http://terminology.hl7.org/CodeSystem/v3-Race,1545-3,Rappahannock,Rappahannock
http://terminology.hl7.org/CodeSystem/v3-Race,1547-9,Reno-Sparks,Reno-Sparks
http://terminology.hl7.org/CodeSystem/v3-Race,1549-5,Round Valley,Round Valley
http://terminology.hl7.org/CodeSystem/v3-Race,1551-1,Sac and Fox,Sac and Fox
http://terminology.hl7.org/CodeSystem/v3-Race,1552-9,Iowa Sac and Fox,Iowa Sac and Fox
http://terminology.hl7.org/CodeSystem/v3-Race,1553-7,Missouri Sac and Fox,Missouri Sac and Fox
http://terminology.hl7.org/CodeSystem/v3-Race,1554-5,Oklahoma Sac and Fox,Oklahoma Sac and Fox
http://terminology.hl7.org/CodeSystem/v3-Race,1556-0,Salinan,Salinan
http://terminology.hl7.org/CodeSystem/v3-Race,1558-6,Salish,Salish
http://terminology.hl7.org/CodeSystem/v3-Race,1560-2,Salish and Kootenai,Salish and Kootenai
http://terminology.hl7.org/CodeSystem/v3-Race,1562-8,Schaghticoke,Schaghticoke
http://terminology.hl7.org/CodeSystem/v3-Race,1564-4,Scott Valley,Scott Valley
http://terminology.hl7.org/CodeSystem/v3-Race,1566-9,Seminole,Seminole
http://terminology.hl7.org/CodeSystem/v3-Race,1567-7,Big Cypress,Big Cypress
http://terminology.hl7.org/CodeSystem/v3-Race,1568-5,Brighton,Brighton
http://terminology.hl7.org/CodeSystem/v3-Race,1569-3,Florida Seminole,Florida Seminole
http://terminology.hl7.org/CodeSystem/v3-Race,1570-1,Hollywood Seminole,Hollywood Seminole
http://terminology.hl7.org/CodeSystem/v3-Race,1571-9,Oklahoma Seminole,Oklahoma Seminole
http://terminology.hl7.org/CodeSystem/v3-Race,1573-5,Serrano,Serrano
http://terminology.hl7.org/CodeSystem/v3-Race,1574-3,San Manual,San Manual
http://terminology.hl7.org/CodeSystem/v3-Race,1576-8,Shasta,Shasta
http://terminology.hl7.org/CodeSystem/v3-Race,1578-4,Shawnee,Shawnee
http://terminology.hl7.org/CodeSystem/v3-Race,1579-2,Absentee Shawnee,Absentee Shawnee
http://terminology.hl7.org/CodeSystem/v3-Race,1580-0,Eastern Shawnee,Eastern Shawnee
http://terminology.hl7.org/CodeSystem/v3-Race,1582-6,Shinnecock,Shinnecock
http://terminology.hl7.org/CodeSystem/v3-Race,1584-2,Shoalwater Bay,Shoalwater Bay
http://terminology.hl7.org/CodeSystem/v3-Race,1586-7,Shoshone,Shoshone
http://terminology.hl7.org/CodeSystem/v3-Race,1587-5,Battle Mountain,Battle Mountain
http://terminology.hl7.org/CodeSystem/v3-Race,1588-3,Duckwater,Duckwater
http://terminology.hl7.org/CodeSystem/v3-Race,1589-1,Elko,Elko
http://terminology.hl7.org/CodeSystem/v3-Race,1590-9,Ely,Ely
http://terminology.hl7.org/CodeSystem/v3-Race,1591-7,Goshute,Goshute
http://terminology.hl7.org/CodeSystem/v3-Race,1592-5,Panamint,Panamint
http://terminology.hl7.org/CodeSystem/v3-Race,1593-3,Ruby Valley,Ruby Valley
http://terminology.hl7.org/CodeSystem/v3-Race,1594-1,Skull Valley,Skull Valley
http://terminology.hl7.org/CodeSystem/v3-Race,1595-8,South Fork Shoshone,South Fork Shoshone
http://terminology.hl7.org/CodeSystem/v3-Race,1596-6,Te-Moak Western Shoshone,Te-Moak Western Shoshone
http://terminology.hl7.org/CodeSystem/v3-Race,1597-4,Timbi-Sha Shoshone,Timbi-Sha Shoshone
http://terminology.hl7.org/CodeSystem/v3-Race,1598-2,Washakie,Washakie
http://terminology.hl7.org/CodeSystem/v3-Race,1599-0,Wind River Shoshone,Wind River Shoshone
http://terminology.hl7.org/CodeSystem/v3-Race,1600-6,Yomba,Yomba
http://terminology.hl7.org/CodeSystem/v3-Race,1602-2,Shoshone Paiute,Shoshone Paiute
http://terminology.hl7.org/CodeSystem/v3-Race,1603-0,Duck Valley,Duck Valley
http://terminology.hl7.org/CodeSystem/v3-Race,1604-8,Fallon,Fallon
http://terminology.hl7.org/CodeSystem/v3-Race,1605-5,Fort McDermitt,Fort McDermitt
http://terminology.hl7.org/CodeSystem/v3-Race,1607-1,Siletz,Siletz
http://terminology.hl7.org/CodeSystem/v3-Race,1609-7,Sioux,Sioux
http://terminology.hl7.org/CodeSystem/v3-Race,1610-5,Blackfoot Sioux,Blackfoot Sioux
http://terminology.hl7.org/CodeSystem/v3-Race,1611-3,Brule Sioux,Brule Sioux
http://terminology.hl7.org/CodeSystem/v3-Race,1612-1,Cheyenne River Sioux,Cheyenne River Sioux
http://terminology.hl7.org/CodeSystem/v3-Race,1613-9,Crow Creek Sioux,Crow Creek Sioux
http://terminology.hl7.org/CodeSystem/v3-Race,1614-7,Dakota Sioux,Dakota Sioux
http://terminology.hl7.org/CodeSystem/v3-Race,1615-4,Flandreau Santee,Flandreau Santee
http://terminology.hl7.org/CodeSystem/v3-Race,1616-2,Fort Peck,Fort Peck
http://terminology.hl7.org/CodeSystem/v3-Race,1617-0,Lake Traverse Sioux,Lake Traverse Sioux
http://terminology.hl7.org/CodeSystem/v3-Race,1618-8,Lower Brule Sioux,Lower Brule Sioux
http://terminology.hl7.org/CodeSystem/v3-Race,1619-6,Lower Sioux,Lower Sioux
http://terminology.hl7.org/CodeSystem/v3-Race,1620-4,Mdewakanton Sioux,Mdewakanton Sioux
http://terminology.hl7.org/CodeSystem/v3-Race,1621-2,Miniconjou,Miniconjou
http://terminology.hl7.org/CodeSystem/v3-Race,1622-0,Oglala Sioux,Oglala Sioux
http://terminology.hl7.org/CodeSystem/v3-Race,1623-8,Pine Ridge Sioux,Pine Ridge Sioux
http://terminology.hl7.org/CodeSystem/v3-Race,1624-6,Pipestone Sioux,Pipestone Sioux
http://terminology.hl7.org/CodeSystem/v3-Race,1625-3,Prairie Island Sioux,Prairie Island Sioux
http://terminology.hl7.org/CodeSystem/v3-Race,1626-1,Prior Lake Sioux,Prior Lake Sioux
http://terminology.hl7.org/CodeSystem/v3-Race,1627-9,Rosebud Sioux,Rosebud Sioux
http://terminology.hl7.org/CodeSystem/v3-Race,1628-7,Sans Arc Sioux,Sans Arc Sioux
http://terminology.hl7.org/CodeSystem/v3-Race,1629-5,Santee Sioux,Santee Sioux
http://terminology.hl7.org/CodeSystem/v3-Race,1630-3,Sisseton-Wahpeton,Sisseton-Wahpeton
http://terminology.hl7.org/CodeSystem/v3-Race,1631-1,Sisseton Sioux,Sisseton Sioux
http://terminology.hl7.org/CodeSystem/v3-Race,1632-9,Spirit Lake Sioux,Spirit Lake Sioux
http://terminology.hl7.org/CodeSystem/v3-Race,1633-7,Standing Rock Sioux,Standing Rock Sioux
http://terminology.hl7.org/CodeSystem/v3-Race,1634-5,Teton Sioux,Teton Sioux
http://terminology.hl7.org/CodeSystem/v3-Race,1635-2,Two Kettle Sioux,Two Kettle Sioux
http://terminology.hl7.org/CodeSystem/v3-Race,1636-0,Upper Sioux,Upper Sioux
http://terminology.hl7.org/CodeSystem/v3-Race,1637-8,Wahpekute Sioux,Wahpekute Sioux
http://terminology.hl7.org/CodeSystem/v3-Race,1638-6,Wahpeton Sioux,Wahpeton Sioux
http://terminology.hl7.org/CodeSystem/v3-Race,1639-4,Wazhaza Sioux,Wazhaza Sioux
http://terminology.hl7.org/CodeSystem/v3-Race,1640-2,Yankton Sioux,Yankton Sioux
http://terminology.hl7.org/CodeSystem/v3-Race,1641-0,Yanktonai Sioux,Yanktonai Sioux
http://terminology.hl7.org/CodeSystem/v3-Race,1643-6,Siuslaw,Siuslaw
http://terminology.hl7.org/CodeSystem/v3-Race,1645-1,Spokane,Spokane
http://terminology.hl7.org/CodeSystem/v3-Race,1647-7,Stewart,Stewart
http://terminology.hl7.org/CodeSystem/v3-Race,1649-3,Stockbridge,Stockbridge
http://terminology.hl7.org/CodeSystem/v3-Race,1651-9,Susanville,Susanville
http://terminology.hl7.org/CodeSystem/v3-Race,1653-5,Tohono O'Odham,Tohono O'Odham
http://terminology.hl7.org/CodeSystem/v3-Race,1654-3,Ak-Chin,Ak-Chin
http://terminology.hl7.org/CodeSystem/v3-Race,1655-0,Gila Bend,Gila Bend
http://terminology.hl7.org/CodeSystem/v3-Race,1656-8,San Xavier,San Xavier
http://terminology.hl7.org/CodeSystem/v3-Race,1657-6,Sells,Sells
http://terminology.hl7.org/CodeSystem/v3-Race,1659-2,Tolowa,Tolowa
http://terminology.hl7.org/CodeSystem/v3-Race,1661-8,Tonkawa,Tonkawa
http://terminology.hl7.org/CodeSystem/v3-Race,1663-4,Tygh,Tygh
http://terminology.hl7.org/CodeSystem/v3-Race,1665-9,Umatilla,Umatilla
http://terminology.hl7.org/CodeSystem/v3-Race,1667-5,Umpqua,Umpqua
http://terminology.hl7.org/CodeSystem/v3-Race,1668-3,Cow Creek Umpqua,Cow Creek Umpqua
http://terminology.hl7.org/CodeSystem/v3-Race,1670-9,Ute,Ute
http://terminology.hl7.org/CodeSystem/v3-Race,1671-7,Allen Canyon,Allen Canyon
http://terminology.hl7.org/CodeSystem/v3-Race,1672-5,Uintah Ute,Uintah Ute
http://terminology.hl7.org/CodeSystem/v3-Race,1673-3,Ute Mountain Ute,Ute Mountain Ute
http://terminology.hl7.org/CodeSystem/v3-Race,1675-8,Wailaki,Wailaki
http://terminology.hl7.org/CodeSystem/v3-Race,1677-4,Walla-Walla,Walla-Walla
http://terminology.hl7.org/CodeSystem/v3-Race,1679-0,Wampanoag,Wampanoag
http://terminology.hl7.org/CodeSystem/v3-Race,1680-8,Gay Head Wampanoag,Gay Head Wampanoag
http://terminology.hl7.org/CodeSystem/v3-Race,1681-6,Mashpee Wampanoag,Mashpee Wampanoag
http://terminology.hl7.org/CodeSystem/v3-Race,1683-2,Warm Springs,Warm Springs
http://terminology.hl7.org/CodeSystem/v3-Race,1685-7,Wascopum,Wascopum
http://terminology.hl7.org/CodeSystem/v3-Race,1687-3,Washoe,Washoe
http://terminology.hl7.org/CodeSystem/v3-Race,1688-1,Alpine,Alpine
http://terminology.hl7.org/CodeSystem/v3-Race,1689-9,Carson,Carson
http://terminology.hl7.org/CodeSystem/v3-Race,1690-7,Dresslerville,Dresslerville
http://terminology.hl7.org/CodeSystem/v3-Race,1692-3,Wichita,Wichita
http://terminology.hl7.org/CodeSystem/v3-Race,1694-9,Wind River,Wind River
http://terminology.hl7.org/CodeSystem/v3-Race,1696-4,Winnebago,Winnebago
http://terminology.hl7.org/CodeSystem/v3-Race,1697-2,Ho-chunk,Ho-chunk
http://terminology.hl7.org/CodeSystem/v3-Race,1698-0,Nebraska Winnebago,Nebraska Winnebago
http://terminology.hl7.org/CodeSystem/v3-Race,1700-4,Winnemucca,Winnemucca
http://terminology.hl7.org/CodeSystem/v3-Race,1702-0,Wintun,Wintun
http://terminology.hl7.org/CodeSystem/v3-Race,1704-6,Wiyot,Wiyot
http://terminology.hl7.org/CodeSystem/v3-Race,1705-3,Table Bluff,Table Bluff
http://terminology.hl7.org/CodeSystem/v3-Race,1707-9,Yakama,Yakama
http://terminology.hl7.org/CodeSystem/v3-Race,1709-5,Yakama Cowlitz,Yakama Cowlitz
http://terminology.hl7.org/CodeSystem/v3-Race,1711-1,Yaqui,Yaqui
http://terminology.hl7.org/CodeSystem/v3-Race,1712-9,Barrio Libre,Barrio Libre
http://terminology.hl7.org/CodeSystem/v3-Race,1713-7,Pascua Yaqui,Pascua Yaqui
http://terminology.hl7.org/CodeSystem/v3-Race,1715-2,Yavapai Apache,Yavapai Apache
http://terminology.hl7.org/CodeSystem/v3-Race,1717-8,Yokuts,Yokuts
http://terminology.hl7.org/CodeSystem/v3-Race,1718-6,Chukchansi,Chukchansi
http://terminology.hl7.org/CodeSystem/v3-Race,1719-4,Tachi,Tachi
http://terminology.hl7.org/CodeSystem/v3-Race,1720-2,Tule River,Tule River
http://terminology.hl7.org/CodeSystem/v3-Race,1722-8,Yuchi,Yuchi
http://terminology.hl7.org/CodeSystem/v3-Race,1724-4,Yuman,Yuman
http://terminology.hl7.org/CodeSystem/v3-Race,1725-1,Cocopah,Cocopah
http://terminology.hl7.org/CodeSystem/v3-Race,1726-9,Havasupai,Havasupai
http://terminology.hl7.org/CodeSystem/v3-Race,1727-7,Hualapai,Hualapai
http://terminology.hl7.org/CodeSystem/v3-Race,1728-5,Maricopa,Maricopa
http://terminology.hl7.org/CodeSystem/v3-Race,1729-3,Mohave,Mohave
http://terminology.hl7.org/CodeSystem/v3-Race,1730-1,Quechan,Quechan
http://terminology.hl7.org/CodeSystem/v3-Race,1731-9,Yavapai,Yavapai
http://terminology.hl7.org/CodeSystem/v3-Race,1732-7,Yurok,Yurok
http://terminology.hl7.org/CodeSystem/v3-Race,1733-5,Coast Yurok,Coast Yurok
http://terminology.hl7.org/CodeSystem/v3-Race,1735-0,Alaska Native,Alaska Native
http://terminology.hl7.org/CodeSystem/v3-Race,1737-6,Alaska Indian,Alaska Indian
http://terminology.hl7.org/CodeSystem/v3-Race,1739-2,Alaskan Athabascan,Alaskan Athabascan
http://terminology.hl7.org/CodeSystem/v3-Race,1740-0,Ahtna,Ahtna
http://terminology.hl7.org/CodeSystem/v3-Race,1811-9,Southeast Alaska,Southeast Alaska
http://terminology.hl7.org/CodeSystem/v3-Race,1813-5,Tlingit-Haida,Tlingit-Haida
http://terminology.hl7.org/CodeSystem/v3-Race,1814-3,Angoon,Angoon
http://terminology.hl7.org/CodeSystem/v3-Race,1815-0,Central Council of Tlingit and Haida Tribes,Central Council of Tlingit and Haida Tribes
http://terminology.hl7.org/CodeSystem/v3-Race,1816-8,Chilkat,Chilkat
http://terminology.hl7.org/CodeSystem/v3-Race,1817-6,Chilkoot,Chilkoot
http://terminology.hl7.org/CodeSystem/v3-Race,1818-4,Craig,Craig
http://terminology.hl7.org/CodeSystem/v3-Race,1819-2,Douglas,Douglas
http://terminology.hl7.org/CodeSystem/v3-Race,1820-0,Haida,Haida
http://terminology.hl7.org/CodeSystem/v3-Race,1821-8,Hoonah,Hoonah
http://terminology.hl7.org/CodeSystem/v3-Race,1822-6,Hydaburg,Hydaburg
http://terminology.hl7.org/CodeSystem/v3-Race,1823-4,Kake,Kake
http://terminology.hl7.org/CodeSystem/v3-Race,1824-2,Kasaan,Kasaan
http://terminology.hl7.org/CodeSystem/v3-Race,1825-9,Kenaitze,Kenaitze
http://terminology.hl7.org/CodeSystem/v3-Race,1826-7,Ketchikan,Ketchikan
http://terminology.hl7.org/CodeSystem/v3-Race,1827-5,Klawock,Klawock
http://terminology.hl7.org/CodeSystem/v3-Race,1828-3,Pelican,Pelican
http://terminology.hl7.org/CodeSystem/v3-Race,1829-1,Petersburg,Petersburg
http://terminology.hl7.org/CodeSystem/v3-Race,1830-9,Saxman,Saxman
http://terminology.hl7.org/CodeSystem/v3-Race,1831-7,Sitka,Sitka
http://terminology.hl7.org/CodeSystem/v3-Race,1832-5,Tenakee Springs,Tenakee Springs
http://terminology.hl7.org/CodeSystem/v3-Race,1833-3,Tlingit,Tlingit
http://terminology.hl7.org/CodeSystem/v3-Race,1834-1,Wrangell,Wrangell
http://terminology.hl7.org/CodeSystem/v3-Race,1835-8,Yakutat,Yakutat
http://terminology.hl7.org/CodeSystem/v3-Race,1837-4,Tsimshian,Tsimshian
http://terminology.hl7.org/CodeSystem/v3-Race,1838-2,Metlakatla,Metlakatla
http://terminology.hl7.org/CodeSystem/v3-Race,1840-8,Eskimo,Eskimo
http://terminology.hl7.org/CodeSystem/v3-Race,1842-4,Greenland Eskimo,Greenland Eskimo
http://terminology.hl7.org/CodeSystem/v3-Race,1844-0,Inupiat Eskimo,Inupiat Eskimo
http://terminology.hl7.org/CodeSystem/v3-Race,1845-7,Ambler,Ambler
http://terminology.hl7.org/CodeSystem/v3-Race,1846-5,Anaktuvuk,Anaktuvuk
http://terminology.hl7.org/CodeSystem/v3-Race,1847-3,Anaktuvuk Pass,Anaktuvuk Pass
http://terminology.hl7.org/CodeSystem/v3-Race,1848-1,Arctic Slope Inupiat,Arctic Slope Inupiat
http://terminology.hl7.org/CodeSystem/v3-Race,1849-9,Arctic Slope Corporation,Arctic Slope Corporation
http://terminology.hl7.org/CodeSystem/v3-Race,1850-7,Atqasuk,Atqasuk
http://terminology.hl7.org/CodeSystem/v3-Race,1851-5,Barrow,Barrow
http://terminology.hl7.org/CodeSystem/v3-Race,1852-3,Bering Straits Inupiat,Bering Straits Inupiat
http://terminology.hl7.org/CodeSystem/v3-Race,1853-1,Brevig Mission,Brevig Mission
http://terminology.hl7.org/CodeSystem/v3-Race,1854-9,Buckland,Buckland
http://terminology.hl7.org/CodeSystem/v3-Race,1855-6,Chinik,Chinik
http://terminology.hl7.org/CodeSystem/v3-Race,1856-4,Council,Council
http://terminology.hl7.org/CodeSystem/v3-Race,1857-2,Deering,Deering
http://terminology.hl7.org/CodeSystem/v3-Race,1858-0,Elim,Elim
http://terminology.hl7.org/CodeSystem/v3-Race,1859-8,Golovin,Golovin
http://terminology.hl7.org/CodeSystem/v3-Race,1860-6,Inalik Diomede,Inalik Diomede
http://terminology.hl7.org/CodeSystem/v3-Race,1861-4,Inupiaq,Inupiaq
http://terminology.hl7.org/CodeSystem/v3-Race,1862-2,Kaktovik,Kaktovik
http://terminology.hl7.org/CodeSystem/v3-Race,1863-0,Kawerak,Kawerak
http://terminology.hl7.org/CodeSystem/v3-Race,1864-8,Kiana,Kiana
http://terminology.hl7.org/CodeSystem/v3-Race,1865-5,Kivalina,Kivalina
http://terminology.hl7.org/CodeSystem/v3-Race,1866-3,Kobuk,Kobuk
http://terminology.hl7.org/CodeSystem/v3-Race,1867-1,Kotzebue,Kotzebue
http://terminology.hl7.org/CodeSystem/v3-Race,1868-9,Koyuk,Koyuk
http://terminology.hl7.org/CodeSystem/v3-Race,1869-7,Kwiguk,Kwiguk
http://terminology.hl7.org/CodeSystem/v3-Race,1870-5,Mauneluk Inupiat,Mauneluk Inupiat
http://terminology.hl7.org/CodeSystem/v3-Race,1871-3,Nana Inupiat,Nana Inupiat
http://terminology.hl7.org/CodeSystem/v3-Race,1872-1,Noatak,Noatak
http://terminology.hl7.org/CodeSystem/v3-Race,1873-9,Nome,Nome
http://terminology.hl7.org/CodeSystem/v3-Race,1874-7,Noorvik,Noorvik
http://terminology.hl7.org/CodeSystem/v3-Race,1875-4,Nuiqsut,Nuiqsut
http://terminology.hl7.org/CodeSystem/v3-Race,1876-2,Point Hope,Point Hope
http://terminology.hl7.org/CodeSystem/v3-Race,1877-0,Point Lay,Point Lay
http://terminology.hl7.org/CodeSystem/v3-Race,1878-8,Selawik,Selawik
http://terminology.hl7.org/CodeSystem/v3-Race,1879-6,Shaktoolik,Shaktoolik
http://terminology.hl7.org/CodeSystem/v3-Race,1880-4,Shishmaref,Shishmaref
http://terminology.hl7.org/CodeSystem/v3-Race,1881-2,Shungnak,Shungnak
http://terminology.hl7.org/CodeSystem/v3-Race,1882-0,Solomon,Solomon
http://terminology.hl7.org/CodeSystem/v3-Race,1883-8,Teller,Teller
http://terminology.hl7.org/CodeSystem/v3-Race,1884-6,Unalakleet,Unalakleet
http://terminology.hl7.org/CodeSystem/v3-Race,1885-3,Wainwright,Wainwright
http://terminology.hl7.org/CodeSystem/v3-Race,1886-1,Wales,Wales
http://terminology.hl7.org/CodeSystem/v3-Race,1887-9,White Mountain,White Mountain
http://terminology.hl7.org/CodeSystem/v3-Race,1888-7,White Mountain Inupiat,White Mountain Inupiat
http://terminology.hl7.org/CodeSystem/v3-Race,1889-5,Mary's Igloo,Mary's Igloo
http://terminology.hl7.org/CodeSystem/v3-Race,1891-1,Siberian Eskimo,Siberian Eskimo
http://terminology.hl7.org/CodeSystem/v3-Race,1892-9,Gambell,Gambell
http://terminology.hl7.org/CodeSystem/v3-Race,1893-7,Savoonga,Savoonga
http://terminology.hl7.org/CodeSystem/v3-Race,1894-5,Siberian Yupik,Siberian Yupik
http://terminology.hl7.org/CodeSystem/v3-Race,1896-0,Yupik Eskimo,Yupik Eskimo
http://terminology.hl7.org/CodeSystem/v3-Race,1897-8,Akiachak,Akiachak
http://terminology.hl7.org/CodeSystem/v3-Race,1898-6,Akiak,Akiak
http://terminology.hl7.org/CodeSystem/v3-Race,1899-4,Alakanuk,Alakanuk
http://terminology.hl7.org/CodeSystem/v3-Race,1900-0,Aleknagik,Aleknagik
http://terminology.hl7.org/CodeSystem/v3-Race,1901-8,Andreafsky,Andreafsky
http://terminology.hl7.org/CodeSystem/v3-Race,1902-6,Aniak,Aniak
http://terminology.hl7.org/CodeSystem/v3-Race,1903-4,Atmautluak,Atmautluak
http://terminology.hl7.org/CodeSystem/v3-Race,1904-2,Bethel,Bethel
http://terminology.hl7.org/CodeSystem/v3-Race,1905-9,Bill Moore's Slough,Bill Moore's Slough
http://terminology.hl7.org/CodeSystem/v3-Race,1906-7,Bristol Bay Yupik,Bristol Bay Yupik
http://terminology.hl7.org/CodeSystem/v3-Race,1907-5,Calista Yupik,Calista Yupik
http://terminology.hl7.org/CodeSystem/v3-Race,1908-3,Chefornak,Chefornak
http://terminology.hl7.org/CodeSystem/v3-Race,1909-1,Chevak,Chevak
http://terminology.hl7.org/CodeSystem/v3-Race,1910-9,Chuathbaluk,Chuathbaluk
http://terminology.hl7.org/CodeSystem/v3-Race,1911-7,Clark's Point,Clark's Point
http://terminology.hl7.org/CodeSystem/v3-Race,1912-5,Crooked Creek,Crooked Creek
http://terminology.hl7.org/CodeSystem/v3-Race,1913-3,Dillingham,Dillingham
http://terminology.hl7.org/CodeSystem/v3-Race,1914-1,Eek,Eek
http://terminology.hl7.org/CodeSystem/v3-Race,1915-8,Ekuk,Ekuk
http://terminology.hl7.org/CodeSystem/v3-Race,1916-6,Ekwok,Ekwok
http://terminology.hl7.org/CodeSystem/v3-Race,1917-4,Emmonak,Emmonak
http://terminology.hl7.org/CodeSystem/v3-Race,1918-2,Goodnews Bay,Goodnews Bay
http://terminology.hl7.org/CodeSystem/v3-Race,1919-0,Hooper Bay,Hooper Bay
http://terminology.hl7.org/CodeSystem/v3-Race,1920-8,Iqurmuit (Russian Mission),Iqurmuit (Russian Mission)
http://terminology.hl7.org/CodeSystem/v3-Race,1921-6,Kalskag,Kalskag
http://terminology.hl7.org/CodeSystem/v3-Race,1922-4,Kasigluk,Kasigluk
http://terminology.hl7.org/CodeSystem/v3-Race,1923-2,Kipnuk,Kipnuk
http://terminology.hl7.org/CodeSystem/v3-Race,1924-0,Koliganek,Koliganek
http://terminology.hl7.org/CodeSystem/v3-Race,1925-7,Kongiganak,Kongiganak
http://terminology.hl7.org/CodeSystem/v3-Race,1926-5,Kotlik,Kotlik
http://terminology.hl7.org/CodeSystem/v3-Race,1927-3,Kwethluk,Kwethluk
http://terminology.hl7.org/CodeSystem/v3-Race,1928-1,Kwigillingok,Kwigillingok
http://terminology.hl7.org/CodeSystem/v3-Race,1929-9,Levelock,Levelock
http://terminology.hl7.org/CodeSystem/v3-Race,1930-7,Lower Kalskag,Lower Kalskag
http://terminology.hl7.org/CodeSystem/v3-Race,1931-5,Manokotak,Manokotak
http://terminology.hl7.org/CodeSystem/v3-Race,1932-3,Marshall,Marshall
http://terminology.hl7.org/CodeSystem/v3-Race,1933-1,Mekoryuk,Mekoryuk
http://terminology.hl7.org/CodeSystem/v3-Race,1934-9,Mountain Village,Mountain Village
http://terminology.hl7.org/CodeSystem/v3-Race,1935-6,Naknek,Naknek
http://terminology.hl7.org/CodeSystem/v3-Race,1936-4,Napaumute,Napaumute
http://terminology.hl7.org/CodeSystem/v3-Race,1937-2,Napakiak,Napakiak
http://terminology.hl7.org/CodeSystem/v3-Race,1938-0,Napaskiak,Napaskiak
http://terminology.hl7.org/CodeSystem/v3-Race,1939-8,Newhalen,Newhalen
http://terminology.hl7.org/CodeSystem/v3-Race,1940-6,New Stuyahok,New Stuyahok
http://terminology.hl7.org/CodeSystem/v3-Race,1941-4,Newtok,Newtok
http://terminology.hl7.org/CodeSystem/v3-Race,1942-2,Nightmute,Nightmute
http://terminology.hl7.org/CodeSystem/v3-Race,1943-0,Nunapitchukv,Nunapitchukv
http://terminology.hl7.org/CodeSystem/v3-Race,1944-8,Oscarville,Oscarville
http://terminology.hl7.org/CodeSystem/v3-Race,1945-5,Pilot Station,Pilot Station
http://terminology.hl7.org/CodeSystem/v3-Race,1946-3,Pitkas Point,Pitkas Point
http://terminology.hl7.org/CodeSystem/v3-Race,1947-1,Platinum,Platinum
http://terminology.hl7.org/CodeSystem/v3-Race,1948-9,Portage Creek,Portage Creek
http://terminology.hl7.org/CodeSystem/v3-Race,1949-7,Quinhagak,Quinhagak
http://terminology.hl7.org/CodeSystem/v3-Race,1950-5,Red Devil,Red Devil
http://terminology.hl7.org/CodeSystem/v3-Race,1951-3,St. Michael,St. Michael
http://terminology.hl7.org/CodeSystem/v3-Race,1952-1,Scammon Bay,Scammon Bay
http://terminology.hl7.org/CodeSystem/v3-Race,1953-9,Sheldon's Point,Sheldon's Point
http://terminology.hl7.org/CodeSystem/v3-Race,1954-7,Sleetmute,Sleetmute
http://terminology.hl7.org/CodeSystem/v3-Race,1955-4,Stebbins,Stebbins
http://terminology.hl7.org/CodeSystem/v3-Race,1956-2,Togiak,Togiak
http://terminology.hl7.org/CodeSystem/v3-Race,1957-0,Toksook,Toksook
http://terminology.hl7.org/CodeSystem/v3-Race,1958-8,Tulukskak,Tulukskak
http://terminology.hl7.org/CodeSystem/v3-Race,1959-6,Tuntutuliak,Tuntutuliak
http://terminology.hl7.org/CodeSystem/v3-Race,1960-4,Tununak,Tununak
http://terminology.hl7.org/CodeSystem/v3-Race,1961-2,Twin Hills,Twin Hills
http://terminology.hl7.org/CodeSystem/v3-Race,1962-0,Georgetown,Georgetown
http://terminology.hl7.org/CodeSystem/v3-Race,1963-8,St. Mary's,St. Mary's
http://terminology.hl7.org/CodeSystem/v3-Race,1964-6,Umkumiate,Umkumiate
http://terminology.hl7.org/CodeSystem/v3-Race,1966-1,Aleut,Aleut
http://terminology.hl7.org/CodeSystem/v3-Race,1968-7,Alutiiq Aleut,Alutiiq Aleut
http://terminology.hl7.org/CodeSystem/v3-Race,1969-5,Tatitlek,Tatitlek
http://terminology.hl7.org/CodeSystem/v3-Race,1970-3,Ugashik,Ugashik
http://terminology.hl7.org/CodeSystem/v3-Race,1972-9,Bristol Bay Aleut,Bristol Bay Aleut
http://terminology.hl7.org/CodeSystem/v3-Race,1973-7,Chignik,Chignik
http://terminology.hl7.org/CodeSystem/v3-Race,1974-5,Chignik Lake,Chignik Lake
http://terminology.hl7.org/CodeSystem/v3-Race,1975-2,Egegik,Egegik
http://terminology.hl7.org/CodeSystem/v3-Race,1976-0,Igiugig,Igiugig
http://terminology.hl7.org/CodeSystem/v3-Race,1977-8,Ivanof Bay,Ivanof Bay
http://terminology.hl7.org/CodeSystem/v3-Race,1978-6,King Salmon,King Salmon
http://terminology.hl7.org/CodeSystem/v3-Race,1979-4,Kokhanok,Kokhanok
http://terminology.hl7.org/CodeSystem/v3-Race,1980-2,Perryville,Perryville
http://terminology.hl7.org/CodeSystem/v3-Race,1981-0,Pilot Point,Pilot Point
http://terminology.hl7.org/CodeSystem/v3-Race,1982-8,Port Heiden,Port Heiden
http://terminology.hl7.org/CodeSystem/v3-Race,1984-4,Chugach Aleut,Chugach Aleut
http://terminology.hl7.org/CodeSystem/v3-Race,1985-1,Chenega,Chenega
http://terminology.hl7.org/CodeSystem/v3-Race,1986-9,Chugach Corporation,Chugach Corporation
http://terminology.hl7.org/CodeSystem/v3-Race,1987-7,English Bay,English Bay
http://terminology.hl7.org/CodeSystem/v3-Race,1988-5,Port Graham,Port Graham
http://terminology.hl7.org/CodeSystem/v3-Race,1990-1,Eyak,Eyak
http://terminology.hl7.org/CodeSystem/v3-Race,1992-7,Koniag Aleut,Koniag Aleut
http://terminology.hl7.org/CodeSystem/v3-Race,1993-5,Akhiok,Akhiok
http://terminology.hl7.org/CodeSystem/v3-Race,1994-3,Agdaagux,Agdaagux
http://terminology.hl7.org/CodeSystem/v3-Race,1995-0,Karluk,Karluk
http://terminology.hl7.org/CodeSystem/v3-Race,1996-8,Kodiak,Kodiak
http://terminology.hl7.org/CodeSystem/v3-Race,1997-6,Larsen Bay,Larsen Bay
http://terminology.hl7.org/CodeSystem/v3-Race,1998-4,Old Harbor,Old Harbor
http://terminology.hl7.org/CodeSystem/v3-Race,1999-2,Ouzinkie,Ouzinkie
http://terminology.hl7.org/CodeSystem/v3-Race,2000-8,Port Lions,Port Lions
http://terminology.hl7.org/CodeSystem/v3-Race,2002-4,Sugpiaq,Sugpiaq
http://terminology.hl7.org/CodeSystem/v3-Race,2004-0,Suqpigaq,Suqpigaq
http://terminology.hl7.org/CodeSystem/v3-Race,2006-5,Unangan Aleut,Unangan Aleut
http://terminology.hl7.org/CodeSystem/v3-Race,2007-3,Akutan,Akutan
http://terminology.hl7.org/CodeSystem/v3-Race,2008-1,Aleut Corporation,Aleut Corporation
http://terminology.hl7.org/CodeSystem/v3-Race,2009-9,Aleutian,Aleutian
http://terminology.hl7.org/CodeSystem/v3-Race,2010-7,Aleutian Islander,Aleutian Islander
http://terminology.hl7.org/CodeSystem/v3-Race,2011-5,Atka,Atka
http://terminology.hl7.org/CodeSystem/v3-Race,2012-3,Belkofski,Belkofski
http://terminology.hl7.org/CodeSystem/v3-Race,2013-1,Chignik Lagoon,Chignik Lagoon
http://terminology.hl7.org/CodeSystem/v3-Race,2014-9,King Cove,King Cove
http://terminology.hl7.org/CodeSystem/v3-Race,2015-6,False Pass,False Pass
http://terminology.hl7.org/CodeSystem/v3-Race,2016-4,Nelson Lagoon,Nelson Lagoon
http://terminology.hl7.org/CodeSystem/v3-Race,2017-2,Nikolski,Nikolski
http://terminology.hl7.org/CodeSystem/v3-Race,2018-0,Pauloff Harbor,Pauloff Harbor
http://terminology.hl7.org/CodeSystem/v3-Race,2019-8,Qagan Toyagungin,Qagan Toyagungin
http://terminology.hl7.org/CodeSystem/v3-Race,2020-6,Qawalangin,Qawalangin
http://terminology.hl7.org/CodeSystem/v3-Race,2021-4,St. George,St. George
http://terminology.hl7.org/CodeSystem/v3-Race,2022-2,St. Paul,St. Paul
http://terminology.hl7.org/CodeSystem/v3-Race,2023-0,Sand Point,Sand Point
http://terminology.hl7.org/CodeSystem/v3-Race,2024-8,South Naknek,South Naknek
http://terminology.hl7.org/CodeSystem/v3-Race,2025-5,Unalaska,Unalaska
http://terminology.hl7.org/CodeSystem/v3-Race,2026-3,Unga,Unga
http://terminology.hl7.org/CodeSystem/v3-Race,2028-9,Asian,Asian
http://terminology.hl7.org/CodeSystem/v3-Race,2029-7,Asian Indian,Asian Indian
http://terminology.hl7.org/CodeSystem/v3-Race,2030-5,Bangladeshi,Bangladeshi
http://terminology.hl7.org/CodeSystem/v3-Race,2031-3,Bhutanese,Bhutanese
http://terminology.hl7.org/CodeSystem/v3-Race,2032-1,Burmese,Burmese
http://terminology.hl7.org/CodeSystem/v3-Race,2033-9,Cambodian,Cambodian
http://terminology.hl7.org/CodeSystem/v3-Race,2034-7,Chinese,Chinese
http://terminology.hl7.org/CodeSystem/v3-Race,2035-4,Taiwanese,Taiwanese
http://terminology.hl7.org/CodeSystem/v3-Race,2036-2,Filipino,Filipino
http://terminology.hl7.org/CodeSystem/v3-Race,2037-0,Hmong,Hmong
http://terminology.hl7.org/CodeSystem/v3-Race,2038-8,Indonesian,Indonesian
http://terminology.hl7.org/CodeSystem/v3-Race,2039-6,Japanese,Japanese
http://terminology.hl7.org/CodeSystem/v3-Race,2040-4,Korean,Korean
http://terminology.hl7.org/CodeSystem/v3-Race,2041-2,Laotian,Laotian
http://terminology.hl7.org/CodeSystem/v3-Race,2042-0,Malaysian,Malaysian
http://terminology.hl7.org/CodeSystem/v3-Race,2043-8,Okinawan,Okinawan
http://terminology.hl7.org/CodeSystem/v3-Race,2044-6,Pakistani,Pakistani
http://terminology.hl7.org/CodeSystem/v3-Race,2045-3,Sri Lankan,Sri Lankan
http://terminology.hl7.org/CodeSystem/v3-Race,2046-1,Thai,Thai
http://terminology.hl7.org/CodeSystem/v3-Race,2047-9,Vietnamese,Vietnamese
http://terminology.hl7.org/CodeSystem/v3-Race,2048-7,Iwo Jiman,Iwo Jiman
http://terminology.hl7.org/CodeSystem/v3-Race,2049-5,Maldivian,Maldivian
http://terminology.hl7.org/CodeSystem/v3-Race,2050-3,Nepalese,Nepalese
http://terminology.hl7.org/CodeSystem/v3-Race,2051-1,Singaporean,Singaporean
http://terminology.hl7.org/CodeSystem/v3-Race,2052-9,Madagascar,Madagascar
http://terminology.hl7.org/CodeSystem/v3-Race,2054-5,Black or African American,Black or African American
http://terminology.hl7.org/CodeSystem/v3-Race,2056-0,Black,Black
http://terminology.hl7.org/CodeSystem/v3-Race,2058-6,African American,African American
http://terminology.hl7.org/CodeSystem/v3-Race,2060-2,African,African
http://terminology.hl7.org/CodeSystem/v3-Race,2061-0,Botswanan,Botswanan
http://terminology.hl7.org/CodeSystem/v3-Race,2062-8,Ethiopian,Ethiopian
http://terminology.hl7.org/CodeSystem/v3-Race,2063-6,Liberian,Liberian
http://terminology.hl7.org/CodeSystem/v3-Race,2064-4,Namibian,Namibian
http://terminology.hl7.org/CodeSystem/v3-Race,2065-1,Nigerian,Nigerian
http://terminology.hl7.org/CodeSystem/v3-Race,2066-9,Zairean,Zairean
http://terminology.hl7.org/CodeSystem/v3-Race,2067-7,Bahamian,Bahamian
http://terminology.hl7.org/CodeSystem/v3-Race,2068-5,Barbadian,Barbadian
http://terminology.hl7.org/CodeSystem/v3-Race,2069-3,Dominican,Dominican
http://terminology.hl7.org/CodeSystem/v3-Race,2070-1,Dominica Islander,Dominica Islander
http://terminology.hl7.org/CodeSystem/v3-Race,2071-9,Haitian,Haitian
http://terminology.hl7.org/CodeSystem/v3-Race,2072-7,Jamaican,Jamaican
http://terminology.hl7.org/CodeSystem/v3-Race,2073-5,Tobagoan,Tobagoan
http://terminology.hl7.org/CodeSystem/v3-Race,2074-3,Trinidadian,Trinidadian
http://terminology.hl7.org/CodeSystem/v3-Race,2075-0,West Indian,West Indian
http://terminology.hl7.org/CodeSystem/v3-Race,2076-8,Native Hawaiian or Other Pacific Islander,Native Hawaiian or Other Pacific Islander
http://terminology.hl7.org/CodeSystem/v3-Race,2078-4,Polynesian,Polynesian
http://terminology.hl7.org/CodeSystem/v3-Race,2079-2,Native Hawaiian,Native Hawaiian
http://terminology.hl7.org/CodeSystem/v3-Race,2080-0,Samoan,Samoan
http://terminology.hl7.org/CodeSystem/v3-Race,2081-8,Tahitian,Tahitian
http://terminology.hl7.org/CodeSystem/v3-Race,2082-6,Tongan,Tongan
http://terminology.hl7.org/CodeSystem/v3-Race,2083-4,Tokelauan,Tokelauan
http://terminology.hl7.org/CodeSystem/v3-Race,2085-9,Micronesian,Micronesian
http://terminology.hl7.org/CodeSystem/v3-Race,2086-7,Guamanian or Chamorro,Guamanian or Chamorro
http://terminology.hl7.org/CodeSystem/v3-Race,2087-5,Guamanian,Guamanian
http://terminology.hl7.org/CodeSystem/v3-Race,2088-3,Chamorro,Chamorro
http://terminology.hl7.org/CodeSystem/v3-Race,2089-1,Mariana Islander,Mariana Islander
http://terminology.hl7.org/CodeSystem/v3-Race,2090-9,Marshallese,Marshallese
http://terminology.hl7.org/CodeSystem/v3-Race,2091-7,Palauan,Palauan
http://terminology.hl7.org/CodeSystem/v3-Race,2092-5,Carolinian,Carolinian
http://terminology.hl7.org/CodeSystem/v3-Race,2093-3,Kosraean,Kosraean
http://terminology.hl7.org/CodeSystem/v3-Race,2094-1,Pohnpeian,Pohnpeian
http://terminology.hl7.org/CodeSystem/v3-Race,2095-8,Saipanese,Saipanese
http://terminology.hl7.org/CodeSystem/v3-Race,2096-6,Kiribati,Kiribati
http://terminology.hl7.org/CodeSystem/v3-Race,2097-4,Chuukese,Chuukese
http://terminology.hl7.org/CodeSystem/v3-Race,2098-2,Yapese,Yapese
http://terminology.hl7.org/CodeSystem/v3-Race,2100-6,Melanesian,Melanesian
http://terminology.hl7.org/CodeSystem/v3-Race,2101-4,Fijian,Fijian
http://terminology.hl7.org/CodeSystem/v3-Race,2102-2,Papua New Guinean,Papua New Guinean
http://terminology.hl7.org/CodeSystem/v3-Race,2103-0,Solomon Islander,Solomon Islander
http://terminology.hl7.org/CodeSystem/v3-Race,2104-8,New Hebrides,New Hebrides
http://terminology.hl7.org/CodeSystem/v3-Race,2500-7,Other Pacific Islander,"Note that this term remains in the table for completeness, even though within HL7, the notion of Other code is deprecated."
http://terminology.hl7.org/CodeSystem/v3-Race,2106-3,White,White
http://terminology.hl7.org/CodeSystem/v3-Race,2108-9,European,European
http://terminology.hl7.org/CodeSystem/v3-Race,2109-7,Armenian,Armenian
http://terminology.hl7.org/CodeSystem/v3-Race,2110-5,English,English
http://terminology.hl7.org/CodeSystem/v3-Race,2111-3,French,French
http://terminology.hl7.org/CodeSystem/v3-Race,2112-1,German,German
http://terminology.hl7.org/CodeSystem/v3-Race,2113-9,Irish,Irish
http://terminology.hl7.org/CodeSystem/v3-Race,2114-7,Italian,Italian
http://terminology.hl7.org/CodeSystem/v3-Race,2115-4,Polish,Polish
http://terminology.hl7.org/CodeSystem/v3-Race,2116-2,Scottish,Scottish
http://terminology.hl7.org/CodeSystem/v3-Race,2118-8,Middle Eastern or North African,Middle Eastern or North African
http://terminology.hl7.org/CodeSystem/v3-Race,2119-6,Assyrian,Assyrian
http://terminology.hl7.org/CodeSystem/v3-Race,2120-4,Egyptian,Egyptian
http://terminology.hl7.org/CodeSystem/v3-Race,2121-2,Iranian,Iranian
http://terminology.hl7.org/CodeSystem/v3-Race,2122-0,Iraqi,Iraqi
http://terminology.hl7.org/CodeSystem/v3-Race,2123-8,Lebanese,Lebanese
http://terminology.hl7.org/CodeSystem/v3-Race,2124-6,Palestinian,Palestinian
http://terminology.hl7.org/CodeSystem/v3-Race,2125-3,Syrian,Syrian
http://terminology.hl7.org/CodeSystem/v3-Race,2126-1,Afghanistani,Afghanistani
http://terminology.hl7.org/CodeSystem/v3-Race,2127-9,Israeili,Israeili
http://terminology.hl7.org/CodeSystem/v3-Race,2129-5,Arab,Arab
http://terminology.hl7.org/CodeSystem/v3-Race,2131-1,Other Race,"Note that this term remains in the table for completeness, even though within HL7, the notion of Other code is deprecated."
http://snomed.info/sct,248153007,Male,Male (finding)
http://snomed.info/sct,248152002,Female,Female (finding)
http://snomed.info/sct,77386006,Pregnancy,Pregnancy (finding)